t,semblance,power,backazimuth,slowness
19636.5,0.2941623135281537,8909419506.983376,-135.0,5.656854249492381
19636.500694444443,0.3910588699330958,4339619056.086872,-135.0,5.656854249492381
19636.50138888889,0.38782623514491543,5498123704.062032,-53.13010235415598,5.0
19636.502083333333,0.3089754543343428,4667603132.0957155,45.0,5.656854249492381
19636.50277777778,0.3340594509817838,1752116708.5920777,-135.0,5.656854249492381
19636.503472222223,0.2242643815891158,794527559.4730613,45.0,5.656854249492381
19636.504166666666,0.34300207248990955,1007224825.2729052,45.0,5.656854249492381
19636.504861111112,0.42004148150264614,1200058226.7482748,45.0,5.656854249492381
19636.505555555555,0.3405561433144717,1342943569.7463791,-135.0,5.656854249492381
19636.50625,0.273395165258597,1643926879.0904958,-135.0,5.656854249492381
19636.506944444445,0.36474383463969107,4170269003.7201753,-135.0,5.656854249492381
19636.50763888889,0.2860941097241611,3505073113.198379,45.0,5.656854249492381
19636.508333333335,0.41516122554660956,4926483033.844632,-45.00000000000003,1.838477631085024
19636.509027777778,0.36675000777228833,5315982617.180965,-135.0,5.656854249492381
19636.50972222222,0.34385433893772277,5463273779.848608,45.0,5.656854249492381
19636.510416666668,0.3911394253869182,3211150409.55571,-135.0,5.656854249492381
19636.51111111111,0.305180538311075,4156055173.997282,-135.0,5.656854249492381
19636.511805555554,0.44867414077110473,5402377725.64451,-77.31961650818016,4.1
19636.5125,0.30459205149787927,1977263119.5070524,-135.0,5.656854249492381
19636.513194444444,0.352719411360492,3031552941.258166,45.0,5.656854249492381
19636.51388888889,0.3930259463807704,2734303459.160711,-135.0,5.656854249492381
19636.514583333334,0.404525922649789,3228726339.8282804,45.0,5.656854249492381
19636.515277777777,0.36460201932805353,2327770953.134718,-135.0,5.656854249492381
19636.515972222223,0.34138917748294456,4465058561.433753,45.0,5.656854249492381
19636.516666666666,0.29049690129196293,5155201424.354415,-135.0,5.656854249492381
19636.51736111111,0.3866094777764469,17138597992.836857,45.0,5.656854249492381
19636.518055555556,0.35097651085138426,9252497837.753443,-135.0,5.656854249492381
19636.51875,0.3135256592556285,4970349859.216376,-135.0,5.656854249492381
19636.519444444446,0.3755157096748512,2112065783.7073152,-135.0,5.656854249492381
19636.52013888889,0.3398793146358368,2364344687.92049,-135.0,5.656854249492381
19636.520833333332,0.3176539854661003,2615267445.243259,45.0,5.656854249492381
19636.52152777778,0.33213425333879243,4456222733.425137,-135.0,5.656854249492381
19636.522222222222,0.3469430321432243,2005961788.371716,45.0,5.656854249492381
19636.522916666665,0.37441053116932466,1160114138.5693476,45.0,5.656854249492381
19636.52361111111,0.43021386274261386,2227769114.071218,-135.0,5.656854249492381
19636.524305555555,0.31217097921274606,6658787190.689736,45.0,5.656854249492381
19636.525,0.36368806312034824,6384726757.130395,-135.0,5.656854249492381
19636.525694444445,0.38602642032138507,19722675154.06954,135.72522429905925,5.586591089385369
19636.526388888888,0.40068999721450244,16826591270.05545,-145.0079798014413,4.882622246293481
19636.527083333334,0.33222388428699495,11820049804.18478,45.0,5.656854249492381
19636.527777777777,0.33885919260235936,5852910924.115913,45.0,5.656854249492381
19636.52847222222,0.33070371355370765,4715532356.728533,-135.0,5.656854249492381
19636.529166666667,0.3389004368177791,3826098619.5866804,-135.0,5.656854249492381
19636.52986111111,0.4281287595160906,2617563066.9022193,-135.0,5.656854249492381
19636.530555555557,0.3986684465036127,2555678177.07351,45.0,5.656854249492381
19636.53125,0.4643921214769284,3419636042.9319186,45.0,5.656854249492381
19636.531944444443,0.34754779570205674,1243858869.8833861,-135.0,5.656854249492381
19636.53263888889,0.3648040990933927,1783384433.1881964,-135.0,5.656854249492381
19636.533333333333,0.36459564302699554,3248986044.966393,-135.0,5.656854249492381
19636.53402777778,0.3481532517534093,9124100436.891088,-135.0,5.656854249492381
19636.534722222223,0.29320642102443434,6923756665.336692,45.0,5.656854249492381
19636.535416666666,0.35612610222409496,11579973890.166838,-84.28940686250036,4.019950248448356
19636.536111111112,0.32000665238908327,6267795928.47763,-135.0,5.656854249492381
19636.536805555555,0.3559771636969871,5672434783.661501,45.0,5.656854249492381
19636.5375,0.31517930770080826,5920158983.242248,-135.0,5.656854249492381
19636.538194444445,0.38615494952458235,5192346333.130344,-174.28940686250036,4.019950248448356
19636.53888888889,0.3842881087516135,4183896276.517666,-135.0,5.656854249492381
19636.539583333335,0.29070146495184535,1814107538.8964581,45.0,5.656854249492381
19636.540277777778,0.3534862896242545,11488498254.797703,45.0,5.656854249492381
19636.54097222222,0.377787884678016,14429308829.040731,45.0,5.656854249492381
19636.541666666668,0.3388143415669738,9321398213.768122,45.0,5.656854249492381
19636.54236111111,0.41196940462201487,13165133686.514353,45.0,5.656854249492381
19636.543055555554,0.3334872913943145,8968957642.396053,-135.0,5.656854249492381
19636.54375,0.30815057219672176,4195928088.5357337,-135.0,5.656854249492381
19636.544444444444,0.3173926357046183,2280755269.1816673,45.0,5.656854249492381
19636.54513888889,0.32829320181234134,3492671190.3408017,45.0,5.656854249492381
19636.545833333334,0.3909499047930025,10186617628.427147,45.0,5.656854249492381
19636.546527777777,0.3600797058219556,7591847460.509234,-135.0,5.656854249492381
19636.547222222223,0.32011794000536375,9701739694.737759,45.0,5.656854249492381
19636.547916666666,0.4227212195811129,28670178946.89236,119.74488129694224,1.6124515496597103
19636.54861111111,0.27340733945935575,8237218115.202178,45.0,5.656854249492381
19636.549305555556,0.34238147270149083,14687629769.932707,-135.0,5.656854249492381
19636.55,0.2872489964824727,9171549206.787882,-135.0,5.656854249492381
19636.550694444446,0.35074552659089286,15747655420.842703,-135.0,5.656854249492381
19636.55138888889,0.3647063588182437,12753786133.025885,45.0,5.656854249492381
19636.552083333332,0.3204020584140072,10020162747.363186,45.0,5.656854249492381
19636.55277777778,0.3541724538631859,7695229144.196481,45.0,5.656854249492381
19636.553472222222,0.3010095680919256,4792090006.374429,45.0,5.656854249492381
19636.554166666665,0.3369482440251297,6016990895.944727,45.0,5.656854249492381
19636.55486111111,0.39833409134587705,4453837509.059774,45.0,5.656854249492381
19636.555555555555,0.36684067579009005,5225141715.435909,-135.0,5.656854249492381
19636.55625,0.3313488536044969,6257851169.996773,-135.0,5.656854249492381
19636.556944444445,0.4065440549186124,11634563144.614328,-68.19859051364818,4.308131845707603
19636.557638888888,0.3666412305732356,2629925802.373785,45.0,5.656854249492381
19636.558333333334,0.3851312952523272,3233340896.487746,-135.0,5.656854249492381
19636.559027777777,0.3137448146416631,3132712169.1059003,45.0,5.656854249492381
19636.55972222222,0.35591469954670935,6099001468.922489,45.0,5.656854249492381
19636.560416666667,0.3263486469967365,4781226162.23624,45.0,5.656854249492381
19636.56111111111,0.3665934742299715,3579223259.16256,45.0,5.656854249492381
19636.561805555557,0.30524196478868065,2516176170.9586926,45.0,5.656854249492381
19636.5625,0.36501621783908694,3231448677.6354947,-170.0737544933483,4.060788100849391
19636.563194444443,0.3119270226532647,981613016.2699637,45.0,5.656854249492381
19636.56388888889,0.3057116182628693,1004291411.1061819,45.0,5.656854249492381
19636.564583333333,0.25913377735875553,1960002779.428136,45.0,5.656854249492381
19636.56527777778,0.41029981049565495,2669983922.49837,45.0,5.656854249492381
19636.565972222223,0.3409726161112147,20362025793.980392,-135.0,5.656854249492381
19636.566666666666,0.32649019485658004,16823303332.721436,45.0,5.656854249492381
19636.567361111112,0.3472341108289544,24361197304.761642,-135.0,5.656854249492381
19636.568055555555,0.3290912870923822,23938886788.402756,-135.0,5.656854249492381
19636.56875,0.34479201562750983,32651869917.56049,-135.0,5.656854249492381
19636.569444444445,0.30432975423722874,26464701656.541584,-135.0,5.656854249492381
19636.57013888889,0.3102869964111854,27871668875.65236,45.0,5.656854249492381
19636.570833333335,0.3116450965952909,16257214340.606272,45.0,5.656854249492381
19636.571527777778,0.30579062259072254,9860546751.129217,-135.0,5.656854249492381
19636.57222222222,0.30286054181795324,12348462977.729507,-135.0,5.656854249492381
19636.572916666668,0.4420063962033386,11203856393.316391,-135.0,5.656854249492381
19636.57361111111,0.3619177265346754,7747055683.942466,45.0,5.656854249492381
19636.574305555554,0.40476732917633435,11479093588.660213,-135.0,5.656854249492381
19636.575,0.36160136229149065,3597563640.3334455,-135.0,5.656854249492381
19636.575694444444,0.3055569878515552,2636896238.609951,-135.0,5.656854249492381
19636.57638888889,0.33884595735605555,4142136523.6124845,-135.0,5.656854249492381
19636.577083333334,0.3686667516390502,5280769210.732917,45.0,5.656854249492381
19636.577777777777,0.3989147406191555,4084869485.4383035,-135.0,5.656854249492381
19636.578472222223,0.32071910092993366,8631718716.244007,45.0,5.656854249492381
19636.579166666666,0.3708118412855339,27209697890.498497,45.0,5.656854249492381
19636.57986111111,0.3231798022778171,26898255920.321774,45.0,5.656854249492381
19636.580555555556,0.3432187034822589,18134431900.76175,-135.0,5.656854249492381
19636.58125,0.3408767802186358,6799563797.184662,-135.0,5.656854249492381
19636.581944444446,0.30596046289929557,17440533865.502304,-135.0,5.656854249492381
19636.58263888889,0.3849843081602701,17244734986.089523,45.0,5.656854249492381
19636.583333333332,0.3531250252077595,12002217827.399506,45.0,5.656854249492381
19636.58402777778,0.3260943221212255,13096994323.991917,45.0,5.656854249492381
19636.584722222222,0.3830331999765165,21671071839.055,-135.0,5.656854249492381
19636.585416666665,0.3692317002272082,34081299479.62198,-36.86989764584402,5.0
19636.58611111111,0.3871865358345829,22518971924.005226,-135.0,5.656854249492381
19636.586805555555,0.32463289200846307,14131369223.946127,45.0,5.656854249492381
19636.5875,0.1899593814585822,6083994505.677055,45.0,5.656854249492381
19636.588194444445,0.36652330732547106,9789947134.737717,-117.69947280805502,4.517742799230607
19636.588888888888,0.35956983656001845,8949740172.276524,45.0,5.656854249492381
19636.589583333334,0.31657826188603505,5631649908.771959,-135.0,5.656854249492381
19636.590277777777,0.37896117941015967,4844171044.347955,45.0,5.656854249492381
19636.59097222222,0.2935974317778957,3517954278.39206,45.0,5.656854249492381
19636.591666666667,0.23010000037725548,2021871021.212374,45.0,5.656854249492381
19636.59236111111,0.34925085279120693,1949796745.7906857,45.0,5.656854249492381
19636.593055555557,0.29168429013037084,970148448.0219299,-135.0,5.656854249492381
19636.59375,0.34899889866919537,437043878.5976008,45.0,5.656854249492381
19636.594444444443,0.3287316870556883,620923524.8054813,45.0,5.656854249492381
19636.59513888889,0.32642293312975035,857759656.4984307,45.0,5.656854249492381
19636.595833333333,0.3277563985137838,776005673.700195,45.0,5.656854249492381
19636.59652777778,0.39595001682273134,3033686575.162736,45.0,5.656854249492381
19636.597222222223,0.3737701048423614,2891085526.715303,-135.0,5.656854249492381
19636.597916666666,0.41062806251733225,6981222894.362554,45.0,5.656854249492381
19636.598611111112,0.3335598113396553,4484771180.924702,45.0,5.656854249492381
19636.599305555555,0.4090593359818933,5466486278.3541355,45.0,5.656854249492381
19636.6,0.3826665165047413,1451237484.5298471,90.0,4.0
19636.600694444445,0.3002970358680527,630164746.6136258,45.0,5.656854249492381
19636.60138888889,0.28792192937594163,532822288.93370044,45.0,5.656854249492381
19636.602083333335,0.42587303161009565,601366300.3671876,-82.8749836510982,4.031128874149275
19636.602777777778,0.4077683250215856,882060494.9200782,-135.0,5.656854249492381
19636.60347222222,0.2991112165037436,398090510.30705494,45.0,5.656854249492381
19636.604166666668,0.36078298718239515,169354319.3871699,-135.0,5.656854249492381
19636.60486111111,0.3376132316571469,804332339.1425402,-135.0,5.656854249492381
19636.605555555554,0.4095152666663027,873559373.297204,-135.0,5.656854249492381
19636.60625,0.2934540893912298,3294913761.8726883,-135.0,5.656854249492381
19636.606944444444,0.39822256626050767,5248712379.9481325,-135.0,5.656854249492381
19636.60763888889,0.352910795502554,9685724411.842346,45.0,5.656854249492381
19636.608333333334,0.34722720377299077,6296748737.100097,45.0,5.656854249492381
19636.609027777777,0.3455635109376058,5582682529.930034,-135.0,5.656854249492381
19636.609722222223,0.2954675840365961,1913046811.6930158,-135.0,5.656854249492381
19636.610416666666,0.33793511298490886,4696859564.226101,-135.0,5.656854249492381
19636.61111111111,0.32972868339572114,2131854399.5241466,-135.0,5.656854249492381
19636.611805555556,0.31974021511542117,560568834.3089525,45.0,5.656854249492381
19636.6125,0.30473899387716996,6847967907.624775,-135.0,5.656854249492381
19636.613194444446,0.3055205676817539,4389345769.46528,-135.0,5.656854249492381
19636.61388888889,0.33465214759532336,2282594160.8760877,-135.0,5.656854249492381
19636.614583333332,0.3081592816764443,1011504148.9786913,45.0,5.656854249492381
19636.61527777778,0.36979467835179913,480328554.76766145,-62.30052719194504,4.517742799230606
19636.615972222222,0.3484664374429299,1847539339.7008421,45.0,5.656854249492381
19636.616666666665,0.3230895847968953,2225278483.688392,45.0,5.656854249492381
19636.61736111111,0.29634690727201485,596276425.4172525,-135.0,5.656854249492381
19636.618055555555,0.3676730718805339,725816868.5184226,45.0,5.656854249492381
19636.61875,0.4298785483105914,3404568811.1875234,71.99583839408662,4.2059481689626175
19636.619444444445,0.3470012662744358,1782914607.5084205,-65.77225468204583,4.386342439892261
19636.620138888888,0.3501298761682645,3333561611.6964145,-135.0,5.656854249492381
19636.620833333334,0.3484540368761143,7013969545.880492,45.0,5.656854249492381
19636.621527777777,0.39723692188236315,9677768569.740028,45.0,5.656854249492381
19636.62222222222,0.31822950974366504,5684329357.162472,45.0,5.656854249492381
19636.622916666667,0.3451317068363277,5923342532.934882,45.0,5.656854249492381
19636.62361111111,0.3273821979133999,3431902056.002618,45.0,5.656854249492381
19636.624305555557,0.3352209260490515,2773499840.5863576,-135.0,5.656854249492381
19636.625,0.37198907423444677,1041228506.0588645,45.0,5.656854249492381
19636.625694444443,0.3458033843127351,1190594148.284385,45.0,5.656854249492381
19636.62638888889,0.3121777618760199,825733641.8353698,-135.0,5.656854249492381
19636.627083333333,0.35198971062064444,1604489282.322762,-135.0,5.656854249492381
19636.62777777778,0.4165824532746939,1878239665.9879608,-135.0,5.656854249492381
19636.628472222223,0.2640622618225928,1516454856.855344,45.0,5.656854249492381
19636.629166666666,0.3283750552626858,1839959490.3687475,45.0,5.656854249492381
19636.629861111112,0.3610027797248975,1301068483.4917836,63.43494882292201,4.47213595499958
19636.630555555555,0.32244597292952054,691146386.149163,-135.0,5.656854249492381
19636.63125,0.33330748951343114,597920244.6442195,45.0,5.656854249492381
19636.631944444445,0.3843872304467387,478777927.3797647,-135.0,5.656854249492381
19636.63263888889,0.3736420879006893,334611592.0646709,-135.0,5.656854249492381
19636.633333333335,0.3762265432009565,537853628.7840474,45.0,5.656854249492381
19636.634027777778,0.28264051490969744,478450963.93293816,-135.0,5.656854249492381
19636.63472222222,0.405190530756316,485887387.1007612,45.0,5.656854249492381
19636.635416666668,0.3543995976699152,380720920.56438994,45.0,5.656854249492381
19636.63611111111,0.38635631167138224,120414220.07232662,-7.125016348901795,4.031128874149275
19636.636805555554,0.37530291634634466,51300760.6951454,-135.0,5.656854249492381
19636.6375,0.42269732349862327,567331606.5540439,-66.97450799147197,4.346262762420146
19636.638194444444,0.4093082973023344,232886290.41539064,-135.0,5.656854249492381
19636.63888888889,0.4216067125237168,408549764.6976568,-171.46923439005184,4.044749683231337
19636.639583333334,0.3412120543717165,483122272.6458032,45.0,5.656854249492381
19636.640277777777,0.3308586565988078,351142401.4345982,45.0,5.656854249492381
19636.640972222223,0.4181396808933625,585146176.0560046,45.0,5.656854249492381
19636.641666666666,0.29736715907542954,277054054.64000505,45.0,5.656854249492381
19636.64236111111,0.31503921568641313,280729982.83055323,45.0,5.656854249492381
19636.643055555556,0.35201007514087795,542344132.6792445,-135.0,5.656854249492381
19636.64375,0.42624005405842996,358303510.40545374,-135.0,5.656854249492381
19636.644444444446,0.3455700162313327,1615053964.059655,-135.0,5.656854249492381
19636.64513888889,0.4109944667493195,697366772.2240967,-29.898901838614563,4.614108798023731
19636.645833333332,0.3407677973937438,450900432.2950947,45.0,5.656854249492381
19636.64652777778,0.38977308064884764,291162138.71200436,153.43494882292202,4.47213595499958
19636.647222222222,0.2508734671310836,785122178.444505,45.0,5.656854249492381
19636.647916666665,0.29226142628659635,735517342.4142927,-135.0,5.656854249492381
19636.64861111111,0.4139332150894871,390428797.39141345,45.0,5.656854249492381
19636.649305555555,0.35971268834547127,622816575.0967413,-135.0,5.656854249492381
19636.65,0.3324459677736416,719733080.5048369,45.0,5.656854249492381
19636.650694444445,0.3763113128526404,495784106.9356178,45.0,5.656854249492381
19636.651388888888,0.32874952463711066,296712297.9025258,45.0,5.656854249492381
19636.652083333334,0.43217887011796263,236261100.6302996,-135.0,5.656854249492381
19636.652777777777,0.3547591934847367,109863345.45805834,-135.0,5.656854249492381
19636.65347222222,0.438985619349459,252815604.0536288,-135.0,5.656854249492381
19636.654166666667,0.37269116155601334,356902593.45892584,-153.43494882292202,4.47213595499958
19636.65486111111,0.3241134972641104,137998788.3250396,45.0,5.656854249492381
19636.655555555557,0.2947515696665407,219384898.84646502,-135.0,5.656854249492381
19636.65625,0.36383828589160155,363405728.3532071,110.55604521958347,4.272001872658765
19636.656944444443,0.4219500793914046,27501624.864082035,-155.7722546820458,4.386342439892262
19636.65763888889,0.3579337334171181,117079008.5126126,-135.0,5.656854249492381
19636.658333333333,0.4264328575012145,134233497.3723008,-135.0,5.656854249492381
19636.65902777778,0.4168262732252812,209691970.65938884,-135.0,5.656854249492381
19636.659722222223,0.31005041229206726,530498678.1076338,-135.0,5.656854249492381
19636.660416666666,0.40512966506930775,314892480.41061485,-135.0,5.656854249492381
19636.661111111112,0.3499713865251834,317320747.5411971,-45.0,5.656854249492381
19636.661805555555,0.4006756569319426,183836616.31538707,45.0,5.656854249492381
19636.6625,0.3675897220306664,231271844.1327389,-146.97613244420336,4.770744176750625
19636.663194444445,0.3673041563282394,215758855.38843194,45.0,5.656854249492381
19636.66388888889,0.37825578622143163,447269641.7322851,45.0,5.656854249492381
19636.664583333335,0.38036496379035345,752432254.3627763,45.0,5.656854249492381
19636.665277777778,0.4554485918523645,1673910868.4341326,45.0,5.656854249492381
19636.66597222222,0.4522581243177155,383065617.61303884,45.0,5.656854249492381
19636.666666666668,0.4108794355837283,814926993.153659,45.0,5.656854249492381
19636.66736111111,0.38896849814128287,1712841896.8547316,45.0,5.656854249492381
19636.668055555554,0.42403894832821176,3097959702.858962,-135.0,5.656854249492381
19636.66875,0.37821308458089126,2097383946.05469,-135.0,5.656854249492381
19636.669444444444,0.36857653259041184,3348131444.247414,45.0,5.656854249492381
19636.67013888889,0.288882562260321,2396748714.4248276,-135.0,5.656854249492381
19636.670833333334,0.3419875128373932,3213087589.7708187,45.0,5.656854249492381
19636.671527777777,0.35594841562926716,13922018466.900785,-135.0,5.656854249492381
19636.672222222223,0.4324545095673535,26599729463.904247,45.0,5.656854249492381
19636.672916666666,0.27413312677427715,2877476584.665309,-135.0,5.656854249492381
19636.67361111111,0.31833748344322793,5678600562.992225,-135.0,5.656854249492381
19636.674305555556,0.3245643240834439,4507700968.21578,-135.0,5.656854249492381
19636.675,0.37787856015476595,10970623480.428587,45.0,5.656854249492381
19636.675694444446,0.32302067655268274,27156329593.442673,-135.0,5.656854249492381
19636.67638888889,0.3672055924245512,30725804694.31194,45.0,5.656854249492381
19636.677083333332,0.3802272565554704,8329436954.704867,-135.0,5.656854249492381
19636.67777777778,0.3218454486200467,6882012858.727051,-135.0,5.656854249492381
19636.678472222222,0.3524216532281246,7400997127.971044,-135.0,5.656854249492381
19636.679166666665,0.32811699261118354,4867078376.764797,45.0,5.656854249492381
19636.67986111111,0.29463577392067664,9967433824.913296,45.0,5.656854249492381
19636.680555555555,0.33125230487478424,2543243806.8176937,-135.0,5.656854249492381
19636.68125,0.3239045644971031,5283206860.989943,-135.0,5.656854249492381
19636.681944444445,0.3333896567846742,26254631043.992023,-135.0,5.656854249492381
19636.682638888888,0.27534167642651447,5672410667.47253,45.0,5.656854249492381
19636.683333333334,0.43685271293091377,11089792631.792355,113.02549200852803,4.346262762420146
19636.684027777777,0.364040913786884,10384657352.581297,-135.0,5.656854249492381
19636.68472222222,0.29869752396105037,3978779207.7005653,-135.0,5.656854249492381
19636.685416666667,0.34105459251297043,22169073825.924847,-135.0,5.656854249492381
19636.68611111111,0.4085105244761555,22113144332.58958,-136.4688007143858,5.517245689653489
19636.686805555557,0.2989428491531051,6760651045.741415,45.0,5.656854249492381
19636.6875,0.3138054961657226,21899115543.547256,45.0,5.656854249492381
19636.688194444443,0.3688917719290216,22025129284.99033,-135.0,5.656854249492381
19636.68888888889,0.38458012331351377,19007773402.78962,45.0,5.656854249492381
19636.689583333333,0.3202482289128263,22006266506.58585,45.0,5.656854249492381
19636.69027777778,0.38067211505079224,24775591163.496853,-129.52263127117112,5.18555686498567
19636.690972222223,0.33217177743684057,14702645114.679972,45.0,5.656854249492381
19636.691666666666,0.3220775190523489,19662942326.3388,45.0,5.656854249492381
19636.692361111112,0.3326031106866257,12608289052.76194,45.0,5.656854249492381
19636.693055555555,0.2982246426657111,18438393487.3688,-135.0,5.656854249492381
19636.69375,0.3497396886625254,31859069145.716915,45.0,5.656854249492381
19636.694444444445,0.2991608450415215,23126669261.473213,45.0,5.656854249492381
19636.69513888889,0.3712720708241896,29414109670.39371,45.0,5.656854249492381
19636.695833333335,0.3436551767732627,42407135515.20431,-135.0,5.656854249492381
19636.696527777778,0.31252695949092096,7984043772.327934,45.0,5.656854249492381
19636.69722222222,0.37058772959362807,27312382120.443745,-135.0,5.656854249492381
19636.697916666668,0.3980943835432218,31111006052.603893,-128.65980825409008,5.122499389946279
19636.69861111111,0.37159132317259075,40368714496.87032,-135.0,5.656854249492381
19636.699305555554,0.3889501642910113,23356286047.855637,-135.0,5.656854249492381
19636.7,0.3244714310778621,21171500849.846127,-135.0,5.656854249492381
19636.700694444444,0.3523145252058786,30411715614.636112,45.0,5.656854249492381
19636.70138888889,0.406709708501139,31052555100.869232,45.0,5.656854249492381
19636.702083333334,0.24281086207864291,20925491744.5539,45.0,5.656854249492381
19636.702777777777,0.2739847236760152,24395382862.092308,-135.0,5.656854249492381
19636.703472222223,0.3223738661471621,27084495699.27561,45.0,5.656854249492381
19636.704166666666,0.3697862314697641,17303420159.198425,45.0,5.656854249492381
19636.70486111111,0.3521318384764925,25503341042.955734,45.0,5.656854249492381
19636.705555555556,0.3776077137488042,17926086877.76281,45.0,5.656854249492381
19636.70625,0.3852725043902028,28837603982.533672,-135.0,5.656854249492381
19636.706944444446,0.3015174168837205,76654913949.52629,45.0,5.656854249492381
19636.70763888889,0.37270548537539044,23155485867.863136,45.0,5.656854249492381
19636.708333333332,0.3624546072348259,60710812504.303314,-46.46880071438579,5.517245689653488
19636.70902777778,0.2770280733416319,61859913235.381355,45.0,5.656854249492381
19636.709722222222,0.3634293925431696,100678804740.88449,-135.0,5.656854249492381
19636.710416666665,0.33100756344176324,18717141899.564713,-135.0,5.656854249492381
19636.71111111111,0.24300693079366645,23409487611.872276,45.0,5.656854249492381
19636.711805555555,0.3416140695563318,40559027843.55424,45.0,5.656854249492381
19636.7125,0.372692436812634,35827014989.198364,-135.0,5.656854249492381
19636.713194444445,0.3947983729994894,15362967288.972816,45.0,5.656854249492381
19636.713888888888,0.30924532759867474,31939550082.76141,45.0,5.656854249492381
19636.714583333334,0.3234141497680586,36618222169.01113,-135.0,5.656854249492381
19636.715277777777,0.37908255512353944,28680336990.40214,-135.0,5.656854249492381
19636.71597222222,0.40050295648393114,40642097648.783966,104.03624346792647,4.123105625617661
19636.716666666667,0.3122671799282947,58151661295.38708,45.0,5.656854249492381
19636.71736111111,0.26033177616183084,20383806261.794376,45.0,5.656854249492381
19636.718055555557,0.2951000087536384,6349229240.792547,45.0,5.656854249492381
19636.71875,0.35977319487995063,72484169076.07744,138.81407483429035,5.315072906367325
19636.719444444443,0.24290434644973907,38493388482.106964,45.0,5.656854249492381
19636.72013888889,0.2869518149497525,38867947923.76865,45.0,5.656854249492381
19636.720833333333,0.3824696157572549,41717941220.31942,-135.0,5.656854249492381
19636.72152777778,0.3217351121600443,34144484822.049465,-135.0,5.656854249492381
19636.722222222223,0.3087219495731752,20982018168.317986,-135.0,5.656854249492381
19636.722916666666,0.2766055864952265,35463523059.41639,45.0,5.656854249492381
19636.723611111112,0.2984794578159799,25052453304.651306,45.0,5.656854249492381
19636.724305555555,0.4936674106532563,40634474003.74375,45.0,5.656854249492381
19636.725,0.4289570991604074,36216110010.8639,45.0,5.656854249492381
19636.725694444445,0.38368936689430333,48518458125.113785,45.0,5.656854249492381
19636.72638888889,0.38579658685267876,49699590835.63083,45.0,5.656854249492381
19636.727083333335,0.33661174437099833,10681294502.90025,-135.0,5.656854249492381
19636.727777777778,0.39595512810492867,59618725663.77034,45.0,5.656854249492381
19636.72847222222,0.33027177710913475,13087766339.665648,-135.0,5.656854249492381
19636.729166666668,0.36763678386035725,15541104983.391113,45.0,5.656854249492381
19636.72986111111,0.3508621772799753,26355105340.37199,45.0,5.656854249492381
19636.730555555554,0.3218053465214648,8165534852.122012,45.0,5.656854249492381
19636.73125,0.32745703010719984,12538572385.956936,45.0,5.656854249492381
19636.731944444444,0.2412896762543052,12030106114.081194,-135.0,5.656854249492381
19636.73263888889,0.42581376033353147,17639307701.60502,45.0,5.656854249492381
19636.733333333334,0.34161163959413743,16509756978.32975,45.0,5.656854249492381
19636.734027777777,0.2879383907081135,69534442228.60498,-135.0,5.656854249492381
19636.734722222223,0.3276423891910143,22771548206.293297,-135.0,5.656854249492381
19636.735416666666,0.2751722928136729,5308390211.1756735,-135.0,5.656854249492381
19636.73611111111,0.33157003413145264,9793738216.723848,-135.0,5.656854249492381
19636.736805555556,0.38931546529764355,12661336601.061613,45.0,5.656854249492381
19636.7375,0.3804969090415313,13157100560.856424,45.0,5.656854249492381
19636.738194444446,0.3182936318671235,8202702105.90365,-135.0,5.656854249492381
19636.73888888889,0.31335759892981635,26553332913.627182,-135.0,5.656854249492381
19636.739583333332,0.42592330468145834,38554871404.392365,-73.30075576600638,4.176122603564219
19636.74027777778,0.30837096239523276,30794496037.260376,-135.0,5.656854249492381
19636.740972222222,0.3767578386738419,17349419402.87664,45.0,5.656854249492381
19636.741666666665,0.38304226391488233,18788377012.911922,45.0,5.656854249492381
19636.74236111111,0.289674508045635,21007615911.558647,45.0,5.656854249492381
19636.743055555555,0.38493605008111687,27080017268.922745,-135.0,5.656854249492381
19636.74375,0.26226144032458426,7117399315.540216,-135.0,5.656854249492381
19636.744444444445,0.29843709334741525,15736165596.70473,45.0,5.656854249492381
19636.745138888888,0.2941410237846219,43601751695.5642,45.0,5.656854249492381
19636.745833333334,0.3991650923553169,27279687583.223286,45.0,5.656854249492381
19636.746527777777,0.27219246335756236,18205858580.258022,-135.0,5.656854249492381
19636.74722222222,0.38380871335604994,14949965062.638699,-135.0,5.656854249492381
19636.747916666667,0.294782743802824,25417382136.419266,-135.0,5.656854249492381
19636.74861111111,0.36201830040809874,39969088235.46461,-87.13759477388828,4.004996878900157
19636.749305555557,0.3538168285936967,46975141585.006035,-135.0,5.656854249492381
19636.75,0.4103954318146734,13817131652.072552,45.0,5.656854249492381
19636.750694444443,0.35502842860395856,38801998121.387276,-135.0,5.656854249492381
19636.75138888889,0.36591569204449176,52024072438.82929,-135.0,5.656854249492381
19636.752083333333,0.3521092973672789,54033470454.53599,45.0,5.656854249492381
19636.75277777778,0.36587603978472916,38357965980.75575,45.0,5.656854249492381
19636.753472222223,0.3526510909443416,18385573797.15456,160.70995378081128,4.237924020083418
19636.754166666666,0.2359213372148121,20627682089.19234,45.0,5.656854249492381
19636.754861111112,0.3476651958423601,137556167405.7656,-135.0,5.656854249492381
19636.755555555555,0.3373490514268064,24889283595.1191,45.0,5.656854249492381
19636.75625,0.39067900573412917,48984371333.4677,45.0,5.656854249492381
19636.756944444445,0.2798852108518804,45915047334.36067,45.0,5.656854249492381
19636.75763888889,0.3027850845698215,32599114019.33495,45.0,5.656854249492381
19636.758333333335,0.33738213058124156,84175073106.35153,-135.0,5.656854249492381
19636.759027777778,0.3607755266872769,28359855433.92622,-135.0,5.656854249492381
19636.75972222222,0.36720105892479443,34361467056.227806,45.0,5.656854249492381
19636.760416666668,0.3881365454852047,28199965824.03287,45.0,5.656854249492381
19636.76111111111,0.22992332501546173,86580224648.34767,-135.0,5.656854249492381
19636.761805555554,0.37186489094619374,43303462271.30438,-135.0,5.656854249492381
19636.7625,0.36516910876127123,101797885068.31195,45.0,5.656854249492381
19636.763194444444,0.305024355896156,61778054466.478485,-135.0,5.656854249492381
19636.76388888889,0.41103740112716036,47005945619.46257,-135.0,5.656854249492381
19636.764583333334,0.36504407131578376,46247700061.91398,-135.0,5.656854249492381
19636.765277777777,0.31496144207289994,61032635404.2123,45.0,5.656854249492381
19636.765972222223,0.37116073862778576,39836708503.56426,-135.0,5.656854249492381
19636.766666666666,0.26777408939957414,41379413289.80619,-135.0,5.656854249492381
19636.76736111111,0.3360625198854518,47701789217.67093,45.0,5.656854249492381
19636.768055555556,0.38684085936239526,95329086728.58264,45.0,5.656854249492381
19636.76875,0.34997433921120547,77005349586.20433,45.0,5.656854249492381
19636.769444444446,0.28118565038484844,47146583069.977875,-135.0,5.656854249492381
19636.77013888889,0.27360209655102635,27568848795.89776,45.0,5.656854249492381
19636.770833333332,0.3739932533950691,55012218594.11658,-135.0,5.656854249492381
19636.77152777778,0.35014193661032794,29033561336.67398,45.0,5.656854249492381
19636.772222222222,0.4183850730213589,133019007058.24171,-135.0,5.656854249492381
19636.772916666665,0.3678516247335722,12111604896.102945,45.0,5.656854249492381
19636.77361111111,0.32031489268879665,28014434854.657944,-135.0,5.656854249492381
19636.774305555555,0.37598367603452126,78744335884.34665,-135.0,5.656854249492381
19636.775,0.31256909355616014,43156279612.97232,-135.0,5.656854249492381
19636.775694444445,0.37692165441992487,30034099357.43045,-135.0,5.656854249492381
19636.776388888888,0.3079241809081478,17855405935.76888,45.0,5.656854249492381
19636.777083333334,0.30361619961065245,134730456188.64664,-135.0,5.656854249492381
19636.777777777777,0.3253532590950146,165910481408.66254,135.0,5.656854249492381
19636.77847222222,0.3425930139465152,24419078985.06103,-135.0,5.656854249492381
19636.779166666667,0.33099235503377206,23422261909.559647,-45.0,5.656854249492381
19636.77986111111,0.42102765650768703,49454112063.42917,4.289153328818998,4.011234224026316
19636.780555555557,0.28649557193704683,77176079449.30855,135.0,5.656854249492381
19636.78125,0.4515256848076796,46932117289.21757,-172.8749836510982,4.031128874149275
19636.781944444443,0.3880167075342005,83810807450.9389,-45.0,5.656854249492381
19636.78263888889,0.42132010345147225,118066052844.85982,135.0,5.656854249492381
19636.783333333333,0.29270962911312054,54779462730.106705,-135.0,5.656854249492381
19636.78402777778,0.3338976276424015,53606987728.760864,-45.0,5.656854249492381
19636.784722222223,0.3456177293975763,39308938931.810196,45.0,5.656854249492381
19636.785416666666,0.32574349247359896,40292449924.65951,45.0,5.656854249492381
19636.786111111112,0.41587801441979344,169538275321.16776,45.0,5.656854249492381
19636.786805555555,0.3490826684077828,124448217788.08961,45.0,5.656854249492381
19636.7875,0.3476456197728021,32992353760.908493,-135.0,5.656854249492381
19636.788194444445,0.3480356985233633,57473644686.61609,45.0,5.656854249492381
19636.78888888889,0.3199665283590222,85628279264.68097,-135.0,5.656854249492381
19636.789583333335,0.2715201649706803,55543999534.26042,-135.0,5.656854249492381
19636.790277777778,0.3128697526329628,2845076384.793531,135.0,5.656854249492381
19636.79097222222,0.3437430640398444,5863729889.678897,45.0,5.656854249492381
19636.791666666668,0.3763807361868101,40431469792.02861,45.0,5.656854249492381
19636.79236111111,0.33228355489898237,226198032964.68762,-135.0,5.656854249492381
19636.793055555554,0.4070930354334204,101162006189.90666,-45.0,5.656854249492381
19636.79375,0.3727692800737681,51879098937.77433,101.30993247402021,4.079215610874228
19636.794444444444,0.3527970478459098,64392180105.102974,-45.0,5.656854249492381
19636.79513888889,0.4106400950512309,62973690910.84205,14.036243467926482,4.123105625617661
19636.795833333334,0.39258930881634513,61243939303.02006,135.0,5.656854249492381
19636.796527777777,0.42953667251692884,219386184310.99585,-135.0,5.656854249492381
19636.797222222223,0.3438985420064941,42412328477.24074,87.13759477388825,4.004996878900157
19636.797916666666,0.30566291648801897,26255512818.118683,-45.0,5.656854249492381
19636.79861111111,0.32351142079768924,47041216071.07789,-135.0,5.656854249492381
19636.799305555556,0.25766584159117456,115142653198.86685,135.0,5.656854249492381
19636.8,0.25146735419849175,103893823158.71107,-45.0,5.656854249492381
19636.800694444446,0.3535131820756911,55081357318.0941,45.0,5.656854249492381
19636.80138888889,0.4245893010105145,53322751539.16915,-135.0,5.656854249492381
19636.802083333332,0.34292818604596825,96567258047.36674,-135.0,5.656854249492381
19636.80277777778,0.3730483250667224,162862722803.56552,-45.0,5.656854249492381
19636.803472222222,0.36536723670499816,203351710516.8368,-135.0,5.656854249492381
19636.804166666665,0.3688316554945983,48648902688.06646,-135.0,5.656854249492381
19636.80486111111,0.5072378588104164,485551350701.04224,135.0,5.656854249492381
19636.805555555555,0.3283161947057917,133386450654.5696,45.0,5.656854249492381
19636.80625,0.34706311165628556,333264949043.64636,135.0,5.656854249492381
19636.806944444445,0.24742485209886034,263092689235.27844,45.0,5.656854249492381
19636.807638888888,0.4258569813623661,27195607976.120487,-135.0,5.656854249492381
19636.808333333334,0.455284310893058,114747518832.16235,-45.0,5.656854249492381
19636.809027777777,0.34276409734072155,84470830554.66315,135.0,5.656854249492381
19636.80972222222,0.3499360706919252,61836401405.01807,45.0,5.656854249492381
19636.810416666667,0.42759870391775096,207793023210.69565,-45.0,5.656854249492381
19636.81111111111,0.3587983835940539,139833115888.11264,45.0,5.656854249492381
19636.811805555557,0.3782948088256306,125117776718.1823,45.0,5.656854249492381
19636.8125,0.41274172206813453,241699810359.2419,127.77568430595466,5.060632371551998
19636.813194444443,0.2544009306733288,153428286194.5615,-135.0,5.656854249492381
19636.81388888889,0.3930154493226206,174290042323.91586,-135.0,5.656854249492381
19636.814583333333,0.22447808572256356,45218063221.27717,-45.0,5.656854249492381
19636.81527777778,0.3500787772761002,39422552800.03905,135.0,5.656854249492381
19636.815972222223,0.3593522389323722,261459690450.1777,-45.0,5.656854249492381
19636.816666666666,0.30364515503152995,39695817555.627785,-45.0,5.656854249492381
19636.817361111112,0.309408511737452,56199487127.56625,-135.0,5.656854249492381
19636.818055555555,0.45436607606941387,113927224911.86955,135.0,5.656854249492381
19636.81875,0.3739558361929041,168625491812.65128,-135.0,5.656854249492381
19636.819444444445,0.36475405914445985,134870320341.18033,-135.0,5.656854249492381
19636.82013888889,0.37009527190044184,79643459982.31369,-33.02386755579664,4.770744176750625
19636.820833333335,0.40311635342261715,66062322881.43658,45.0,5.656854249492381
19636.821527777778,0.3914808780911257,430907370525.43115,45.0,5.656854249492381
19636.82222222222,0.4152047756666654,316671428985.1942,43.53119928561418,5.517245689653488
19636.822916666668,0.2855105815171777,254835890832.06445,-135.0,5.656854249492381
19636.82361111111,0.415570615071959,204487366371.68536,-27.699472808054963,4.517742799230607
19636.824305555554,0.3269325717560212,684690555573.9918,45.0,5.656854249492381
19636.825,0.4383173465431436,329592122673.7602,-135.0,5.656854249492381
19636.825694444444,0.35951413979557323,234656969236.87607,-135.0,5.656854249492381
19636.82638888889,0.3081317193205982,141878847515.01376,-135.0,5.656854249492381
19636.827083333334,0.3832286615592917,201857760879.57867,27.699472808054963,4.517742799230606
19636.827777777777,0.28835316238302033,130289399762.01213,45.0,5.656854249492381
19636.828472222223,0.25504953488733,62588556854.76941,-45.0,5.656854249492381
19636.829166666666,0.36593955461849875,162513322240.3775,-135.0,5.656854249492381
19636.82986111111,0.3596298610172424,110223341982.88934,-135.0,5.656854249492381
19636.830555555556,0.4618395834198131,183903005215.78223,-45.0,5.656854249492381
19636.83125,0.4549766220495438,86806902331.39897,-45.0,5.656854249492381
19636.831944444446,0.3829368299545058,104943586883.14296,53.13010235415598,5.0
19636.83263888889,0.4141190659335716,179772732209.05664,135.0,5.656854249492381
19636.833333333332,0.3818863196319244,86502322976.25116,-135.0,5.656854249492381
19636.83402777778,0.3707842517635756,143946351852.74945,135.0,5.656854249492381
19636.834722222222,0.45677707955843744,47792686348.39634,-45.0,5.656854249492381
19636.835416666665,0.46799528007778285,32142580426.50992,-77.31961650818016,4.1
19636.83611111111,0.40397326148054985,18202274019.017967,135.0,5.656854249492381
19636.836805555555,0.5773786729230815,45603950994.106926,-125.94211187138234,4.94064773081425
19636.8375,0.4217184770808035,21539174031.54831,135.0,5.656854249492381
19636.838194444445,0.5042927596875874,16209827218.573914,64.3589941756947,2.773084924772409
19636.838888888888,0.4332346658108303,110202288972.87433,-45.0,5.656854249492381
19636.839583333334,0.3615532412545047,71134327259.78517,-135.0,5.656854249492381
19636.840277777777,0.5882303398069496,40330415371.71953,-104.03624346792645,4.123105625617661
19636.84097222222,0.5658981278889788,101439181138.47667,-135.0,5.656854249492381
19636.841666666667,0.3476069655002294,163208507054.51743,135.0,5.656854249492381
19636.84236111111,0.4222805679071534,118527812572.39682,135.0,5.656854249492381
19636.843055555557,0.3837863084619884,155693844253.378,-135.0,5.656854249492381
19636.84375,0.7081896709544813,345221376201.4267,175.60129464500446,3.9115214431215897
19636.844444444443,0.6846321549591219,203668283538.93765,-150.10109816138544,4.614108798023731
19636.84513888889,0.7001763771503671,114128555093.00069,-90.0,4.0
19636.845833333333,0.6796471368222783,192171548238.29727,152.300527191945,4.517742799230606
19636.84652777778,0.5609007987296671,251948144666.62323,131.98721249581666,5.3814496188294845
19636.847222222223,0.4345544142355856,69374383576.47523,-158.19859051364818,3.769615364994153
19636.847916666666,0.6101222248695186,222411910042.78503,-176.82016988013578,3.60555127546399
19636.848611111112,0.4303909465164279,109690059812.40332,-45.0,5.656854249492381
19636.849305555555,0.5710806006019176,138589838878.49805,55.98065001017352,4.825971404805461
19636.85,0.49300168897330615,71533556114.52423,123.02386755579664,4.770744176750625
19636.850694444445,0.3654810813435922,76135240574.43085,135.0,5.656854249492381
19636.85138888889,0.3735430654616616,82861576518.11662,135.0,5.656854249492381
19636.852083333335,0.3101451637260376,38296214396.67587,-45.0,5.656854249492381
19636.852777777778,0.5093353229659884,184859688179.58136,-45.0,5.656854249492381
19636.85347222222,0.3447098551306722,147289310638.3232,61.18920625702694,4.565084884205331
19636.854166666668,0.3199355264229179,46955132893.02435,-135.0,5.656854249492381
19636.85486111111,0.41714513594077246,184005421459.02023,45.0,5.656854249492381
19636.855555555554,0.18583239689283684,55789303466.65557,-135.0,5.656854249492381
19636.85625,0.3789360897890247,43792905815.79025,-177.13759477388822,4.004996878900157
19636.856944444444,0.3753879031389039,65111635034.118576,-51.34019174590989,5.122499389946279
19636.85763888889,0.3656329645588445,101259801208.34813,-135.0,5.656854249492381
19636.858333333334,0.44009162472940866,54906120337.48948,45.0,5.656854249492381
19636.859027777777,0.3581335293214092,105086563958.3503,135.0,5.656854249492381
19636.859722222223,0.3360856356431595,63969011187.376465,135.0,5.656854249492381
19636.860416666666,0.35490184434098676,64317170959.4776,-135.0,5.656854249492381
19636.86111111111,0.36178013202652154,63502117901.859375,135.0,5.656854249492381
19636.861805555556,0.43790627629764617,65856829504.372314,-45.0,5.656854249492381
19636.8625,0.294028567445325,60343375783.88211,45.0,5.656854249492381
19636.863194444446,0.38002363685453955,67235722539.839,-45.0,5.656854249492381
19636.86388888889,0.3813046125352264,102296560213.4484,-45.0,5.656854249492381
19636.864583333332,0.28536200308683773,28055483099.027878,45.0,5.656854249492381
19636.86527777778,0.3057338843267506,31882913631.33779,-135.0,5.656854249492381
19636.865972222222,0.32621728540878303,53036819490.37624,45.0,5.656854249492381
19636.866666666665,0.31159057813555036,33152226946.14394,135.0,5.656854249492381
19636.86736111111,0.43787334881762013,7514768090.624428,45.0,5.656854249492381
19636.868055555555,0.4192592304199477,23059606248.7379,45.0,5.656854249492381
19636.86875,0.3756169874201516,42465621086.68849,-45.0,5.656854249492381
19636.869444444445,0.3657536553266496,47555574584.3538,45.0,5.656854249492381
19636.870138888888,0.42992731627527686,67166291136.85841,45.0,5.656854249492381
19636.870833333334,0.39561348057245943,13874152068.985676,135.0,5.656854249492381
19636.871527777777,0.3025037896116552,26944418625.95581,45.0,5.656854249492381
19636.87222222222,0.3612818853450279,15715835847.443634,-135.0,5.656854249492381
19636.872916666667,0.3841845327458655,31351212515.048466,135.0,5.656854249492381
19636.87361111111,0.32129324568372086,31590183784.320053,135.0,5.656854249492381
19636.874305555557,0.41566383362922993,14867867342.379736,126.86989764584402,5.0
19636.875,0.30255375175364463,58864943623.20662,-45.0,5.656854249492381
19636.875694444443,0.24752207060684833,80358799301.1338,45.0,5.656854249492381
19636.87638888889,0.3552917393579532,78427917577.92563,-135.0,5.656854249492381
19636.877083333333,0.4295013605151054,47385575996.41948,-45.0,5.656854249492381
19636.87777777778,0.3618715628611971,66413838213.53639,-45.0,5.656854249492381
19636.878472222223,0.4287960321947471,24580719566.20818,-45.0,5.656854249492381
19636.879166666666,0.2594497557883401,40925502565.711044,45.0,5.656854249492381
19636.879861111112,0.45098235744069765,77064483364.92004,-135.0,5.656854249492381
19636.880555555555,0.3929460921734499,21573854918.236256,-45.0,5.656854249492381
19636.88125,0.3429220454630143,12551165626.630444,-45.0,5.656854249492381
19636.881944444445,0.28871014657147537,8953956988.38647,-45.0,5.656854249492381
19636.88263888889,0.36356980724937865,31240907883.044895,-135.0,5.656854249492381
19636.883333333335,0.3150900270760577,103960671832.4045,-135.0,5.656854249492381
19636.884027777778,0.3374411179490777,43067933698.49321,45.0,5.656854249492381
19636.88472222222,0.3031801941249078,34456174641.85547,-45.0,5.656854249492381
19636.885416666668,0.3783945299940022,29978815096.273808,135.0,5.656854249492381
19636.88611111111,0.4644008423211926,19230932463.292355,-71.9958383940866,4.2059481689626175
19636.886805555554,0.39199270728391367,25678634329.41633,45.0,5.656854249492381
19636.8875,0.453095362518083,18771666150.558815,135.0,5.656854249492381
19636.888194444444,0.36933653791628157,65711842373.3694,29.898901838614563,4.6141087980237305
19636.88888888889,0.4318786209120681,71348518511.25877,45.0,5.656854249492381
19636.889583333334,0.35021166088656835,38223241363.60611,-135.0,5.656854249492381
19636.890277777777,0.5234794462621153,151482056525.0107,-16.699244233993625,4.17612260356422
19636.890972222223,0.3397659097333334,40587082909.75018,45.0,5.656854249492381
19636.891666666666,0.28641330883623506,128267364770.42868,45.0,5.656854249492381
19636.89236111111,0.3362256833132408,129127842870.20374,135.0,5.656854249492381
19636.893055555556,0.31519373908695203,63282789706.07234,135.0,5.656854249492381
19636.89375,0.4693219143732127,83107136014.2486,-135.0,5.656854249492381
19636.894444444446,0.43706248306625733,37926298168.99586,-45.0,5.656854249492381
19636.89513888889,0.4231803319416137,89108735896.00562,-135.0,5.656854249492381
19636.895833333332,0.408163143757756,25204837677.5245,-135.0,5.656854249492381
19636.89652777778,0.4251838231536709,118035938385.25038,45.0,5.656854249492381
19636.897222222222,0.3346874573551996,120076360258.16228,-45.0,5.656854249492381
19636.897916666665,0.3562707854111535,36815006533.776184,135.0,5.656854249492381
19636.89861111111,0.2670337868531705,56968018319.29101,-135.0,5.656854249492381
19636.899305555555,0.39346836044211014,79864105767.07387,-141.34019174590992,5.122499389946279
19636.9,0.42023204173176765,105742751293.91354,117.69947280805499,4.517742799230607
19636.900694444445,0.30405763175257877,48785192007.16468,-135.0,5.656854249492381
19636.901388888888,0.3139345018731363,54063319174.04553,-135.0,5.656854249492381
19636.902083333334,0.2846669049939252,132868497419.33746,135.0,5.656854249492381
19636.902777777777,0.2722261431116709,171532654885.0455,-135.0,5.656854249492381
19636.90347222222,0.34413716240063685,258233417319.67593,135.0,5.656854249492381
19636.904166666667,0.35349273833724204,283460053048.84357,45.0,5.656854249492381
19636.90486111111,0.34695709091413174,61618321865.45531,139.63546342690265,5.2497618993626745
19636.905555555557,0.2850141490427487,112107661449.6912,135.0,5.656854249492381
19636.90625,0.5202505837911161,263031554044.58115,-45.0,5.656854249492381
19636.906944444443,0.40381159266899674,649759428745.9502,-135.0,5.656854249492381
19636.90763888889,0.5181982656769571,1111849308054.0955,45.0,5.656854249492381
19636.908333333333,0.4526585922473565,945371818672.1602,32.005383208083515,4.716990566028302
19636.90902777778,0.6876498857844258,1086134184419.0067,57.094757077012076,4.049691346263317
19636.909722222223,0.45304623639517394,2254035775810.258,20.556045219583467,4.272001872658765
19636.910416666666,0.3188659999404109,2440732636192.8345,45.0,5.656854249492381
19636.911111111112,0.41975945497735434,1716579034764.6096,45.0,5.656854249492381
19636.911805555555,0.32642272786216037,1925007662655.2388,-135.0,5.656854249492381
19636.9125,0.3834547240586904,697834781103.9404,-135.0,5.656854249492381
19636.913194444445,0.5907574996460957,1493897764959.3992,63.43494882292201,4.47213595499958
19636.91388888889,0.42921711986860167,1765226040028.9084,-45.0,5.656854249492381
19636.914583333335,0.31820257434158,1680771554471.5415,-45.0,5.656854249492381
19636.915277777778,0.2789398043009103,819431514664.8755,135.0,5.656854249492381
19636.91597222222,0.3600629452318741,558505377232.8792,45.0,5.656854249492381
19636.916666666668,0.2799482112264435,390703072242.1457,135.0,5.656854249492381
19636.91736111111,0.3553736780147276,140126814821.61398,154.59228189105153,4.428317965096905
19636.918055555554,0.42088242171653045,226866191849.91443,45.0,5.656854249492381
19636.91875,0.28706245930483015,383269717582.9388,45.0,5.656854249492381
19636.919444444444,0.37029044491437924,479544372289.19464,-135.0,5.656854249492381
19636.92013888889,0.23595428576587593,650110378631.5607,45.0,5.656854249492381
19636.920833333334,0.36844434116255276,997412274393.6515,45.0,5.656854249492381
19636.921527777777,0.29085083101054915,1175100646526.4937,135.0,5.656854249492381
19636.922222222223,0.3305125702943393,1348865548955.899,45.0,5.656854249492381
19636.922916666666,0.41462638539359126,1459678572938.4707,-115.40771810894847,4.428317965096905
19636.92361111111,0.37950523349593307,519793011907.0045,146.97613244420336,4.770744176750625
19636.924305555556,0.3598975888408542,455867550549.2184,-45.0,5.656854249492381
19636.925,0.39555156315188655,283694659945.462,-45.0,5.656854249492381
19636.925694444446,0.38579732183168736,325980383701.9081,-81.4692343900519,4.044749683231337
19636.92638888889,0.3208309018610555,127062438979.86021,135.0,5.656854249492381
19636.927083333332,0.4204660850804745,406617530850.8269,45.0,5.656854249492381
19636.92777777778,0.4217526398137037,185443004851.9628,-120.96375653207349,4.664761515876241
19636.928472222222,0.4342052972589147,332129889973.7117,46.46880071438579,5.517245689653488
19636.929166666665,0.3067872927292278,156291732714.62946,-45.0,5.656854249492381
19636.92986111111,0.33140921328194645,158032006555.9818,135.0,5.656854249492381
19636.930555555555,0.37712268806195515,324505938041.1552,-135.0,5.656854249492381
19636.93125,0.3546810718197377,166477835641.5909,-135.0,5.656854249492381
19636.931944444445,0.40962140822308857,130212693986.2514,180.0,4.0
19636.932638888888,0.3915209775322165,253903279460.91272,48.012787504183336,5.3814496188294845
19636.933333333334,0.38154723729638307,318123845564.923,-66.97450799147197,4.346262762420146
19636.934027777777,0.2713779600961664,247882237703.6565,45.0,5.656854249492381
19636.93472222222,0.28694766009079825,67273044245.49947,45.0,5.656854249492381
19636.935416666667,0.31214685176542445,185575957357.12537,45.0,5.656854249492381
19636.93611111111,0.2908609367984979,97164671435.57451,92.86240522611175,4.004996878900157
19636.936805555557,0.25723879083149237,122827923887.33058,135.0,5.656854249492381
19636.9375,0.4755827861275672,449572448373.9253,135.0,5.656854249492381
19636.938194444443,0.2873411592150006,133502478616.05273,-45.0,5.656854249492381
19636.93888888889,0.41741420392528644,202793274953.78885,45.0,5.656854249492381
19636.939583333333,0.44351059405201115,303951670812.9017,135.0,5.656854249492381
19636.94027777778,0.31096306400882795,118710139791.86018,-135.0,5.656854249492381
19636.940972222223,0.4274055859408573,119361406640.56714,-37.775684305954655,5.060632371551998
19636.941666666666,0.3508815600814771,185268809058.67114,-45.0,5.656854249492381
19636.942361111112,0.22477387452867376,182723854385.93802,45.0,5.656854249492381
19636.943055555555,0.574679004956155,256720534622.64285,119.89890183861456,4.614108798023731
19636.94375,0.2539012719933818,70545499213.21243,-45.0,5.656854249492381
19636.944444444445,0.31721637512785605,67183074617.69909,135.0,5.656854249492381
19636.94513888889,0.3205413455472364,65062155894.970985,45.0,5.656854249492381
19636.945833333335,0.27499960515689703,173768504400.0307,45.0,5.656854249492381
19636.946527777778,0.31363868427886604,34298346763.226048,45.0,5.656854249492381
19636.94722222222,0.3938904978722482,164507034102.3281,-45.0,5.656854249492381
19636.947916666668,0.303257159712186,48646780556.36422,45.0,5.656854249492381
19636.94861111111,0.34546139561191136,149069132973.1299,45.0,5.656854249492381
19636.949305555554,0.3724525313118502,187961698933.1359,-135.0,5.656854249492381
19636.95,0.28240248314682237,88582294049.15656,135.0,5.656854249492381
19636.950694444444,0.31726765261469725,111842737436.42174,135.0,5.656854249492381
19636.95138888889,0.3316390473405449,119466470017.11226,-135.0,5.656854249492381
19636.952083333334,0.3234059446753724,62533938108.97217,-45.0,5.656854249492381
19636.952777777777,0.3299011584357379,63558507252.982735,-45.0,5.656854249492381
19636.953472222223,0.36590886787774324,49535906712.62305,45.0,5.656854249492381
19636.954166666666,0.38105554734880226,114219864455.7113,-45.0,5.656854249492381
19636.95486111111,0.3595425710742164,65236321945.49648,-45.0,5.656854249492381
19636.955555555556,0.2829333088163019,58899838827.54727,135.0,5.656854249492381
19636.95625,0.3747951951048757,36582831131.94761,-45.0,5.656854249492381
19636.956944444446,0.32660876526699023,20258865682.740883,-45.0,5.656854249492381
19636.95763888889,0.35707575920294493,26470892434.797264,68.96248897457818,2.7856776554368237
19636.958333333332,0.24107817161561226,43992155166.88541,135.0,5.656854249492381
19636.95902777778,0.2892820393917337,25224559790.333214,-45.0,5.656854249492381
19636.959722222222,0.3821365081693482,17115924481.127125,-135.0,5.656854249492381
19636.960416666665,0.3335189538853237,38182882628.102516,45.0,5.656854249492381
19636.96111111111,0.30352758884328757,22610659131.79335,-45.0,5.656854249492381
19636.961805555555,0.39072589219852755,45305744847.63522,-45.0,5.656854249492381
19636.9625,0.3525640984532907,12660895588.495663,135.0,5.656854249492381
19636.963194444445,0.24105429237213577,23360049706.15314,-135.0,5.656854249492381
19636.963888888888,0.26810768917016664,14247012724.659115,45.0,5.656854249492381
19636.964583333334,0.4390772907518269,51439749735.91525,-135.0,5.656854249492381
19636.965277777777,0.39672813980336924,90123700776.99396,135.0,5.656854249492381
19636.96597222222,0.37482151117245105,69556767664.87862,-45.0,5.656854249492381
19636.966666666667,0.33002128700225875,75716736529.7905,-45.0,5.656854249492381
19636.96736111111,0.32143464895190904,50117001471.91833,-45.0,5.656854249492381
19636.968055555557,0.35510770530244073,20522718662.401546,135.0,5.656854249492381
19636.96875,0.3569738596585506,45769216058.026184,135.0,5.656854249492381
19636.969444444443,0.31089427264662534,14038173056.267963,-45.0,5.656854249492381
19636.97013888889,0.32319175120235655,7587647740.591087,-49.635463426902646,5.2497618993626745
19636.970833333333,0.4456850424548449,20796797423.019794,45.0,5.656854249492381
19636.97152777778,0.3880203938453556,19640838796.254704,135.0,5.656854249492381
19636.972222222223,0.4183539391110499,34096629696.526955,45.0,5.656854249492381
19636.972916666666,0.3669872333054528,19896834442.717873,135.0,5.656854249492381
19636.973611111112,0.3580635001973699,8185467765.165302,45.0,5.656854249492381
19636.974305555555,0.3265978610765513,25975021663.207813,-45.0,5.656854249492381
19636.975,0.29969212232024606,50339111841.121445,135.0,5.656854249492381
19636.975694444445,0.3554575393571017,23308822942.092274,45.0,5.656854249492381
19636.97638888889,0.34299104774668554,9886126608.973831,55.98065001017352,4.825971404805461
19636.977083333335,0.29723698219551,18741190727.307884,135.0,5.656854249492381
19636.977777777778,0.3796908882967665,14954615361.103872,-45.0,5.656854249492381
19636.97847222222,0.3227718167962383,32192818085.024376,135.0,5.656854249492381
19636.979166666668,0.3761137522248135,55634362664.05391,-45.0,5.656854249492381
19636.97986111111,0.41485177651523625,14341422907.36989,45.0,5.656854249492381
19636.980555555554,0.3251027407326434,37147637581.9594,45.0,5.656854249492381
19636.98125,0.279364130091274,14397624820.143753,-135.0,5.656854249492381
19636.981944444444,0.3651554021924,11401307306.442474,-135.0,5.656854249492381
19636.98263888889,0.34687162594535226,6642762424.236263,-135.0,5.656854249492381
19636.983333333334,0.37107768111241773,29864818420.91102,45.0,5.656854249492381
19636.984027777777,0.27285752312125944,24411666365.616505,135.0,5.656854249492381
19636.984722222223,0.3860184229578433,51001150843.84268,-45.0,5.656854249492381
19636.985416666666,0.3471198693969087,41775007052.043,45.0,5.656854249492381
19636.98611111111,0.34135904326208955,42180736840.404106,-45.0,5.656854249492381
19636.986805555556,0.2922766444943642,19441533987.553085,45.0,5.656854249492381
19636.9875,0.33183256939805617,7503992112.944446,135.0,5.656854249492381
19636.988194444446,0.21690147372570218,2542564806.872248,135.0,5.656854249492381
19636.98888888889,0.40934237595721884,13454663503.40835,106.69924423399362,4.17612260356422
19636.989583333332,0.30660567613719086,12859508461.061592,135.0,5.656854249492381
19636.99027777778,0.37293459051893896,20336785291.094124,-135.0,5.656854249492381
19636.990972222222,0.24667156334220658,10735328064.91659,45.0,5.656854249492381
19636.991666666665,0.2572812005585273,9898778480.804295,-45.0,5.656854249492381
19636.99236111111,0.2752728690970981,2080717482.770632,135.0,5.656854249492381
19636.993055555555,0.38513478332851325,3676729251.2255855,-135.0,5.656854249492381
19636.99375,0.3233956254931763,8181814639.7102995,45.0,5.656854249492381
19636.994444444445,0.385357436567944,10049355895.18478,135.0,5.656854249492381
19636.995138888888,0.3943941520442155,8332770366.191422,45.0,5.656854249492381
19636.995833333334,0.34924917958503104,3341538540.1459556,-45.0,5.656854249492381
19636.996527777777,0.2854728811383095,6348973879.745546,135.0,5.656854249492381
19636.99722222222,0.3529909767957971,7365025136.269202,45.0,5.656854249492381
19636.997916666667,0.31302793812210095,4870576024.160191,135.0,5.656854249492381
19636.99861111111,0.3360817851945058,3237847408.939955,135.0,5.656854249492381
